"Customer ID","Customer Name"
"C1000","Jesse Evans"
"C1001","Victor Ramos"
"C1002","Mark Montgomery"
"C1003","Dennis Morris"
"C1004","Gregory Simmons"
"C1005","Jeremy Vasquez"
"C1006","Anthony Simpson"
"C1007","Ernest Rivera"
"C1008","Victor Martinez"
"C1009","Bobby Burton"
"C1010","Bruce Porter"
"C1011","Nicholas Simmons"
"C1012","Bruce Butler"
"C1013","Raymond Alexander"
"C1014","Jason Duncan"
"C1015","Phillip Peters"
"C1016","James Castillo"
"C1017","Benjamin Kim"
"C1018","Shawn Long"
"C1019","Steve Diaz"
"C1020","Paul Larson"
"C1021","Joe Hanson"
"C1022","Dennis Ruiz"
"C1023","Adam Hernandez"
"C1024","Keith Griffin"
"C1025","Jerry Green"
"C1026","Chris Armstrong"
"C1027","Stephen Payne"
"C1028","Joshua Bennett"
"C1029","Shawn Cook"
"C1030","George Lewis"
"C1031","Joshua Ryan"
"C1032","Jonathan Hawkins"
"C1033","Joshua Little"
"C1034","Carl Nguyen"
"C1035","Todd Roberts"
"C1036","Paul Holmes"
"C1037","Roger Alexander"
"C1038","Anthony Berry"
"C1039","Frank Brown"
"C1040","Shawn Wallace"
"C1041","Nicholas Cunningham"
"C1042","Anthony Torres"
"C1043","Samuel Fowler"
"C1044","Joe Price"
"C1045","Douglas Tucker"
"C1046","Roy Rice"
"C1047","Patrick Graham"
"C1048","Donald Reynolds"
"C1049","Shawn Torres"
"C1050","Carlos Miller"
"C1051","Jerry Simmons"
"C1052","David Nguyen"
"C1053","Joseph Walker"
"C1054","Jose Williams"
"C1055","Aaron Day"
"C1056","Joe Rose"
"C1057","David Ford"
"C1058","Douglas Diaz"
"C1059","Thomas Sims"
"C1060","Carlos Martinez"
"C1061","Walter Watson"
"C1062","Frank Weaver"
"C1063","Philip Wheeler"
"C1064","Adam Myers"
"C1065","Matthew Lewis"
"C1066","Gerald Alvarez"
"C1067","Todd Davis"
"C1068","Nicholas Stanley"
"C1069","Larry Ross"
"C1070","James Foster"
"C1071","Henry Elliott"
"C1072","Bruce Hamilton"
"C1073","Eugene Sims"
"C1074","Paul Chapman"
"C1075","Eric Armstrong"
"C1076","Edward Mason"
"C1077","Eugene Brooks"
"C1078","Michael Lewis"
"C1079","Clarence Greene"
"C1080","Eric Ward"
"C1081","Edward Wright"
"C1082","Raymond Barnes"
"C1083","Richard Hudson"
"C1084","Ralph Kelley"
"C1085","Joshua Williams"
"C1086","Keith James"
"C1087","Peter Gilbert"
"C1088","Patrick Rivera"
"C1089","Brian Warren"
"C1090","Matthew Fernandez"
"C1091","Wayne Ortiz"
"C1092","Gerald Rogers"
"C1093","Jeremy Arnold"
"C1094","Frank Mason"
"C1095","George Stanley"
"C1096","Sean Black"
"C1097","Louis White"
"C1098","Jack Stevens"
"C1099","Steve Wells"
"C1100","Charles Hughes"
"C1101","Philip Bailey"
"C1102","Samuel Stewart"
"C1103","Raymond Burke"
"C1104","Clarence Cunningham"
"C1105","Justin Graham"
"C1106","Steven Young"
"C1107","Gerald Henry"
"C1108","Craig Reyes"
"C1109","Samuel Price"
"C1110","Howard Morgan"
"C1111","Jason Gray"
"C1112","Adam Riley"
"C1113","Juan Perez"
"C1114","Brian Taylor"
"C1115","Brandon Martin"
"C1116","Jason Hudson"
"C1117","Sean Olson"
"C1118","Thomas Duncan"
"C1119","Juan Lawrence"
"C1120","Willie Day"
"C1121","Benjamin Morgan"
"C1122","Jeremy Peterson"
"C1123","Thomas Gonzales"
"C1124","Jonathan Lynch"
"C1125","Nicholas Williamson"
"C1126","Thomas Holmes"
"C1127","Richard Cunningham"
"C1128","Roy Shaw"
"C1129","Keith Murphy"
"C1130","Bruce Harris"
"C1131","Roy Carpenter"
"C1132","Jose Riley"
"C1133","Roy Murphy"
"C1134","Robert Jackson"
"C1135","Jeremy Allen"
"C1136","Charles Bell"
"C1137","Daniel Fernandez"
"C1138","Russell Bailey"
"C1139","Billy Evans"
"C1140","Henry Reyes"
"C1141","Phillip Harvey"
"C1142","Justin Rodriguez"
"C1143","Louis Johnston"
"C1144","Randy Simpson"
"C1145","Russell Boyd"
"C1146","Louis Torres"
"C1147","Jerry Andrews"
"C1148","Todd Price"
"C1149","Gregory Ramirez"
"C1150","Antonio Morris"
"C1151","Michael Lane"
"C1152","Mark Lee"
"C1153","George Adams"
"C1154","Gregory Welch"
"C1155","Joshua Anderson"
"C1156","Aaron Johnson"
"C1157","Daniel Barnes"
"C1158","Steven Howard"
"C1159","Albert Robinson"
"C1160","Fred Romero"
"C1161","John Robertson"
"C1162","Keith Schmidt"
"C1163","Stephen Andrews"
"C1164","Benjamin Carter"
"C1165","Shawn Snyder"
"C1166","Daniel Nguyen"
"C1167","Benjamin Carpenter"
"C1168","Johnny Butler"
"C1169","Jason Diaz"
"C1170","Peter Cook"
"C1171","Joshua Romero"
"C1172","Adam Wheeler"
"C1173","Peter Wells"
"C1174","Wayne Rodriguez"
"C1175","Donald Collins"
"C1176","Todd Watson"
"C1177","Wayne Stone"
"C1178","Matthew Nguyen"
"C1179","Juan Scott"
"C1180","Howard Lynch"
"C1181","Harold Matthews"
"C1182","Douglas Greene"
"C1183","Willie Mason"
"C1184","Eric Bowman"
"C1185","Henry Stanley"
"C1186","Christopher Wright"
"C1187","Nicholas Morrison"
"C1188","Ryan Taylor"
"C1189","Victor Rogers"
"C1190","Nicholas Ward"
"C1191","Sean Vasquez"
"C1192","Victor Gutierrez"
"C1193","Lawrence Sanchez"
"C1194","Ernest Knight"
"C1195","Jeremy Porter"
"C1196","Peter Castillo"
"C1197","Victor Dean"
"C1198","Eugene Cunningham"
"C1199","Jack Phillips"
"C1200","Steve Sanchez"
"C1201","Joe Carroll"
"C1202","Gregory Boyd"
"C1203","Fred Bryant"
"C1204","Daniel Carroll"
"C1205","Eric Shaw"
"C1206","Carl Anderson"
"C1207","Kevin Kim"
"C1208","Juan Ramirez"
"C1209","Samuel Palmer"
"C1210","Christopher Kim"
"C1211","Wayne Gardner"
"C1212","Martin Berry"
"C1213","Wayne Gordon"
"C1214","Joseph Lopez"
"C1215","Jonathan Freeman"
"C1216","Jimmy Harper"
"C1217","Sean Alexander"
"C1218","Charles Fields"
"C1219","Carl Collins"
"C1220","Ryan Ford"
"C1221","Juan Hunt"
"C1222","Scott Mills"
"C1223","Andrew Butler"
"C1224","Eric Moore"
"C1225","Billy Kennedy"
"C1226","Ralph Banks"
"C1227","Raymond Fields"
"C1228","Brandon Wright"
"C1229","Larry Ray"
"C1230","Gary Baker"
"C1231","George Ellis"
"C1232","Justin Butler"
"C1233","Louis Harris"
"C1234","Mark Simmons"
"C1235","Michael Ward"
"C1236","Richard Peterson"
"C1237","Terry Payne"
"C1238","Walter Woods"
"C1239","Carlos Hunt"
"C1240","Michael Allen"
"C1241","Philip Crawford"
"C1242","Earl Franklin"
"C1243","Harry Hudson"
"C1244","Anthony Parker"
"C1245","Fred Evans"
"C1246","Ronald Bradley"
"C1247","Jonathan Cox"
"C1248","Daniel Dixon"
"C1249","Arthur Webb"
"C1250","Christopher Ramos"
"C1251","Roger Tucker"
"C1252","Clarence Austin"
"C1253","Christopher Miller"
"C1254","Gregory Porter"
"C1255","Aaron Moreno"
"C1256","Charles Montgomery"
"C1257","Daniel Perry"
"C1258","Gregory Jackson"
"C1259","Edward Walker"
"C1260","Raymond Allen"
"C1261","Victor Lawson"
"C1262","Jesse Alvarez"
"C1263","Timothy Howard"
"C1264","Juan Wood"
"C1265","Christopher Matthews"
"C1266","Harold Turner"
"C1267","Victor Medina"
"C1268","Bobby Duncan"
"C1269","Ronald Arnold"
"C1270","Carlos Scott"
"C1271","Justin Romero"
"C1272","Brandon Dixon"
"C1273","Kenneth Ryan"
"C1274","Paul Henderson"
"C1275","Keith Jordan"
"C1276","Kenneth Ross"
"C1277","Jack Reid"
"C1278","John Brooks"
"C1279","Bobby Hughes"
"C1280","Phillip Watkins"
"C1281","Daniel Berry"
"C1282","Gerald Porter"
"C1283","Jeremy Schmidt"
"C1284","Michael Thomas"
"C1285","Harry Castillo"
"C1286","Alan Sims"
"C1287","Matthew Walker"
"C1288","Nicholas West"
"C1289","Ronald Anderson"
"C1290","Sean Morris"
"C1291","Chris Howard"
"C1292","Mark Kim"
"C1293","Robert Price"
"C1294","Peter Gray"
"C1295","Martin Reyes"
"C1296","Richard Carr"
"C1297","Roger Mills"
"C1298","Roy Hamilton"
"C1299","Jimmy Ray"
"C1300","Carl Jones"
"C1301","Steve Tucker"
"C1302","Philip Cunningham"
"C1303","Alan Thomas"
"C1304","Craig Mills"
"C1305","Henry Diaz"
"C1306","Fred Jenkins"
"C1307","Jeremy Rice"
"C1308","Joshua Brooks"
"C1309","Albert Young"
"C1310","Harry Perkins"
"C1311","Ralph Oliver"
"C1312","Mark Spencer"
"C1313","Adam Duncan"
"C1314","Alan Miller"
"C1315","Andrew Robinson"
"C1316","Samuel Hamilton"
"C1317","Mark Morales"
"C1318","Bruce Bowman"
"C1319","Walter Baker"
"C1320","Thomas Daniels"
"C1321","Kevin Jones"
"C1322","Kevin Wheeler"
"C1323","Jeremy Wilson"
"C1324","Alan Scott"
"C1325","Wayne Owens"
"C1326","Matthew Duncan"
"C1327","Robert Ferguson"
"C1328","Fred Reid"
"C1329","Gerald Gray"
"C1330","Benjamin Murray"
"C1331","Gregory Chapman"
"C1332","Chris Burke"
"C1333","Chris Hall"
"C1334","Ralph Davis"
"C1335","Bobby Murray"
"C1336","George Lee"
"C1337","Scott Roberts"
"C1338","Robert Murphy"
"C1339","Charles Richards"
"C1340","Roger Thompson"
"C1341","Ronald Watkins"
"C1342","Scott Rice"
"C1343","Joshua Watkins"
"C1344","Fred Russell"
"C1345","Nicholas Garcia"
"C1346","Russell Alexander"
"C1347","Larry Stone"
"C1348","Charles Henderson"
"C1349","Adam White"
"C1350","Gerald Andrews"
"C1351","Nicholas Sanders"
"C1352","Joshua Jones"
"C1353","Howard Moore"
"C1354","Henry Cox"
"C1355","Victor Lopez"
"C1356","William Montgomery"
"C1357","Randy Hayes"
"C1358","Brian Rice"
"C1359","Douglas Foster"
"C1360","Richard Jordan"
"C1361","Fred Howell"
"C1362","Antonio Nelson"
"C1363","Dennis Myers"
"C1364","Steven Owens"
"C1365","Raymond Arnold"
"C1366","Bobby Coleman"
"C1367","Raymond Roberts"
"C1368","James Perkins"
"C1369","Antonio Diaz"
"C1370","Justin Johnston"
"C1371","Johnny Ward"
"C1372","Peter Warren"
"C1373","Aaron Cruz"
"C1374","Craig Wright"
"C1375","Gary Hudson"
"C1376","Kenneth Arnold"
"C1377","Fred Perez"
"C1378","Kevin Webb"
"C1379","Roy Scott"
"C1380","Gerald Palmer"
"C1381","Earl Simpson"
"C1382","Ralph Richardson"
"C1383","Gary Jones"
"C1384","Samuel Jenkins"
"C1385","Daniel West"
"C1386","Albert Jacobs"
"C1387","Paul Johnson"
"C1388","Robert Carr"
"C1389","Phillip Ellis"
"C1390","Jesse Barnes"
"C1391","Edward Williams"
"C1392","Kevin Willis"
"C1393","George Nichols"
"C1394","Douglas Robinson"
"C1395","Billy Reid"
"C1396","Frank Webb"
"C1397","Jerry Harvey"
"C1398","Brandon Wood"
"C1399","James Armstrong"
"C1400","Ralph Elliott"
"C1401","Victor Gray"
"C1402","Aaron Tucker"
"C1403","Harold Adams"
"C1404","Edward Gonzalez"
"C1405","Adam Mccoy"
"C1406","Paul Richardson"
"C1407","Johnny Andrews"
"C1408","Carl Reid"
"C1409","Steven Carr"
"C1410","Stephen Kelly"
"C1411","Jason Ross"
"C1412","James Dean"
"C1413","Juan Collins"
"C1414","Henry Harper"
"C1415","Thomas Hawkins"
"C1416","Richard Peters"
"C1417","Shawn Stephens"
"C1418","Roger Miller"
"C1419","David Mendoza"
"C1420","Thomas Gray"
"C1421","Steve Barnes"
"C1422","Shawn Bishop"
"C1423","Jeffrey Phillips"
"C1424","Mark Gonzalez"
"C1425","Joshua Peterson"
"C1426","Steven Hayes"
"C1427","Jesse Hernandez"
"C1428","Jeremy Gomez"
"C1429","Donald Carroll"
"C1430","Shawn Scott"
"C1431","Stephen Webb"
"C1432","Donald Morris"
"C1433","Joshua Garza"
"C1434","Martin Mason"
"C1435","Kevin Campbell"
"C1436","Jose Wright"
"C1437","Terry Robinson"
"C1438","George Thompson"
"C1439","Ernest Ortiz"
"C1440","Johnny Ramos"
"C1441","Willie Daniels"
"C1442","Lawrence Watson"
"C1443","Jeffrey Sanders"
"C1444","Sean Price"
"C1445","Nicholas Hernandez"
"C1446","Juan Cruz"
"C1447","Michael Cole"
"C1448","Jason Walker"
"C1449","Alan Parker"
"C1450","Bruce Morrison"
"C1451","Jason Murphy"
"C1452","Adam Mcdonald"
"C1453","Sean Knight"
"C1454","Peter Meyer"
"C1455","Todd George"
"C1456","Joe Powell"
"C1457","Samuel Burke"
"C1458","Phillip Morrison"
"C1459","Charles Sims"
"C1460","Henry Bishop"
"C1461","Larry Dunn"
"C1462","Anthony Fisher"
"C1463","Christopher Nguyen"
"C1464","Roger Price"
"C1465","Jesse Garrett"
"C1466","Philip Burton"
"C1467","Phillip Edwards"
"C1468","Donald Diaz"
"C1469","Peter Boyd"
"C1470","Mark Elliott"
"C1471","Raymond Spencer"
"C1472","Walter Duncan"
"C1473","Jack Howell"
"C1474","David Wheeler"
"C1475","Ronald George"
"C1476","Benjamin Jacobs"
"C1477","Kevin Gomez"
"C1478","Eugene Hunter"
"C1479","Ernest Austin"
"C1480","George Fowler"
"C1481","Carl Martin"
"C1482","Philip Foster"
"C1483","Willie Hicks"
"C1484","Jesse Bishop"
"C1485","Raymond Young"
"C1486","Jonathan Bowman"
"C1487","Jonathan Harris"
"C1488","Billy Adams"
"C1489","Michael Hill"
"C1490","James Williams"
"C1491","Timothy Bowman"
"C1492","David Wilson"
"C1493","Andrew James"
"C1494","Billy Nelson"
"C1495","Patrick Wells"
"C1496","Eugene Ryan"
"C1497","Bobby Black"
"C1498","Jeffrey Carpenter"
"C1499","Andrew Reynolds"
"C1500","Alan Gomez"
"C1501","Dennis Scott"
"C1502","Carlos Kim"
"C1503","Benjamin Moreno"
"C1504","Harry Diaz"
"C1505","Wayne Johnson"
"C1506","Adam Jenkins"
"C1507","Donald Stanley"
"C1508","Eugene Castillo"
"C1509","Terry Richards"
"C1510","Jesse Graham"
"C1511","Timothy Hamilton"
"C1512","Shawn Ray"
"C1513","Ralph Wood"
"C1514","Clarence Grant"
"C1515","Jimmy Wood"
"C1516","Martin Johnston"
"C1517","Eric Alvarez"
"C1518","Raymond Hall"
"C1519","Jonathan Moreno"
"C1520","Jimmy Grant"
"C1521","Matthew Campbell"
"C1522","James Simmons"
"C1523","Russell Grant"
"C1524","Terry Harris"
"C1525","Billy Cook"
"C1526","Keith Campbell"
"C1527","Antonio Green"
"C1528","Walter Russell"
"C1529","Jerry Reed"
"C1530","Jerry Barnes"
"C1531","Bobby Willis"
"C1532","Andrew Martin"
"C1533","Stephen Cook"
"C1534","Anthony Little"
"C1535","Fred Stone"
"C1536","Andrew Graham"
"C1537","Victor Scott"
"C1538","Carlos Smith"
"C1539","Jesse Wells"
"C1540","Victor Hughes"
"C1541","Matthew Phillips"
"C1542","Sean Andrews"
"C1543","Brian Kim"
"C1544","Jonathan Jones"
"C1545","Jonathan Reed"
"C1546","Jose Watson"
"C1547","Carlos Reed"
"C1548","Nicholas Arnold"
"C1549","Gerald Clark"
"C1550","Victor Chapman"
"C1551","Victor Watkins"
"C1552","Alan Green"
"C1553","David Olson"
"C1554","Patrick Morales"
"C1555","Nicholas Hamilton"
"C1556","Sean Snyder"
"C1557","Paul Lane"
"C1558","William Hawkins"
"C1559","Clarence Freeman"
"C1560","Patrick Williamson"
"C1561","Kevin Wood"
"C1562","David Perkins"
"C1563","Adam Thompson"
"C1564","Ralph Willis"
"C1565","Nicholas Gilbert"
"C1566","Ralph Olson"
"C1567","Jose Barnes"
"C1568","Randy Webb"
"C1569","Ronald Burns"
"C1570","Ryan Schmidt"
"C1571","Thomas Chapman"
"C1572","Juan Griffin"
"C1573","James Sullivan"
"C1574","Jason Hanson"
"C1575","Roy Jenkins"
"C1576","Stephen Reynolds"
"C1577","Jack Lewis"
"C1578","Howard Lewis"
"C1579","Anthony Turner"
"C1580","Arthur Gilbert"
"C1581","Jesse Hill"
"C1582","Walter Harris"
"C1583","Gary Porter"
"C1584","Howard Harrison"
"C1585","George Hill"
"C1586","Bruce Oliver"
"C1587","Gerald Reyes"
"C1588","Jimmy Andrews"
"C1589","Adam Bailey"
"C1590","Ernest Bradley"
"C1591","Louis Mccoy"
"C1592","Harry Daniels"
"C1593","Phillip Webb"
"C1594","Ryan Price"
"C1595","Samuel Fields"
"C1596","Eric Bradley"
"C1597","Louis Chavez"
"C1598","Earl Robinson"
"C1599","Brandon Bailey"
"C1600","Juan Harvey"
"C1601","Antonio Shaw"
"C1602","Keith Moore"
"C1603","Scott Gordon"
"C1604","Adam Hunter"
"C1605","Douglas Kennedy"
"C1606","Arthur Reid"
"C1607","Benjamin Vasquez"
"C1608","Eugene Scott"
"C1609","William Schmidt"
"C1610","Lawrence Rogers"
"C1611","Timothy Lawrence"
"C1612","William Andrews"
"C1613","Larry Freeman"
"C1614","Christopher Weaver"
"C1615","Shawn Day"
"C1616","Steven Mccoy"
"C1617","Albert Rice"
"C1618","Charles Perry"
"C1619","Todd Lynch"
"C1620","Earl Phillips"
"C1621","Clarence Warren"
"C1622","Joseph Warren"
"C1623","Fred Peterson"
"C1624","Joshua Rose"
"C1625","Thomas Campbell"
"C1626","Martin Olson"
"C1627","Louis Austin"
"C1628","Steve Bennett"
"C1629","Keith Robinson"
"C1630","Terry Morris"
"C1631","Billy Miller"
"C1632","Willie Harrison"
"C1633","Ryan Ruiz"
"C1634","Peter Freeman"
"C1635","Kevin Moreno"
"C1636","Matthew Smith"
"C1637","Antonio Owens"
"C1638","Jack Lynch"
"C1639","Eugene Murphy"
"C1640","Ernest Fox"
"C1641","Henry Boyd"
"C1642","Peter Fernandez"
"C1643","Scott Allen"
"C1644","Terry Watson"
"C1645","Antonio Frazier"
"C1646","Chris Fuller"
"C1647","Louis Ellis"
"C1648","Johnny Martinez"
"C1649","Paul Taylor"
"C1650","John Hunt"
"C1651","Kevin Gilbert"
"C1652","Joshua Flores"
"C1653","Daniel Moreno"
"C1654","Alan Perry"
"C1655","Aaron Mills"
"C1656","Steve Hunt"
"C1657","Douglas Perkins"
"C1658","Jeffrey Gibson"
"C1659","Samuel Kim"
"C1660","John Long"
"C1661","Joe Fuller"
"C1662","Jose Ellis"
"C1663","David Smith"
"C1664","Kenneth Hill"
"C1665","Joseph Murphy"
"C1666","Jimmy Morrison"
"C1667","Kevin Lopez"
"C1668","Kenneth Dunn"
"C1669","Benjamin Stanley"
"C1670","Joshua Hunt"
"C1671","Phillip Tucker"
"C1672","Chris Chapman"
"C1673","Joe Coleman"
"C1674","Adam Alexander"
"C1675","Christopher Johnston"
"C1676","Louis Perry"
"C1677","Bruce King"
"C1678","Kenneth Foster"
"C1679","Jose Griffin"
"C1680","Antonio Cooper"
"C1681","Joe Griffin"
"C1682","Joseph Lawson"
"C1683","William Carpenter"
"C1684","Sean Kelly"
"C1685","Steven Martinez"
"C1686","Albert Cunningham"
"C1687","Christopher Arnold"
"C1688","Shawn Reynolds"
"C1689","Craig Rodriguez"
"C1690","Bruce Chapman"
"C1691","Richard Young"
"C1692","Christopher Hudson"
"C1693","Roger Elliott"
"C1694","Roy Bennett"
"C1695","Jeremy Jenkins"
"C1696","Anthony Banks"
"C1697","Justin Miller"
"C1698","Jesse Castillo"
"C1699","Michael Mills"
"C1700","Wayne Williams"
"C1701","Henry Andrews"
"C1702","Jose Lewis"
"C1703","Stephen Larson"
"C1704","Eugene Weaver"
"C1705","Michael Austin"
"C1706","Jonathan Pierce"
"C1707","Steven Walker"
"C1708","Arthur Welch"
"C1709","Andrew Peters"
"C1710","Jack Jackson"
"C1711","Jerry Rogers"
"C1712","Brandon Diaz"
"C1713","Phillip Carpenter"
"C1714","Benjamin Garza"
"C1715","Jason Dixon"
"C1716","Bobby Greene"
"C1717","Ralph Nichols"
"C1718","Benjamin Lynch"
"C1719","Arthur Roberts"
"C1720","Roy West"
"C1721","William Franklin"
"C1722","Andrew Burns"
"C1723","Paul Carpenter"
"C1724","Joshua Collins"
"C1725","Frank Gibson"
"C1726","Peter Bradley"
"C1727","Shawn Henderson"
"C1728","Steve Stewart"
"C1729","Brian Murphy"
"C1730","William Medina"
"C1731","Victor Marshall"
"C1732","William James"
"C1733","Patrick Brown"
"C1734","Douglas Wallace"
"C1735","Ronald Barnes"
"C1736","Bruce Armstrong"
"C1737","Keith Murray"
"C1738","Shawn Owens"
"C1739","Frank Ortiz"
"C1740","Lawrence Kelly"
"C1741","Andrew Fernandez"
"C1742","Steve Miller"
"C1743","Douglas Franklin"
"C1744","Thomas James"
"C1745","Gary Pierce"
"C1746","Antonio Dixon"
"C1747","Andrew Adams"
"C1748","Ryan Bailey"
"C1749","Aaron Miller"
"C1750","Phillip Coleman"
"C1751","Earl Ortiz"
"C1752","Joe Gordon"
"C1753","Juan Rivera"
"C1754","Billy Olson"
"C1755","James Fisher"
"C1756","Henry Kelley"
"C1757","Ronald Duncan"
"C1758","Johnny Hawkins"
"C1759","Brian Hunter"
"C1760","David Garrett"
"C1761","Andrew Hansen"
"C1762","Benjamin Ryan"
"C1763","Anthony Chapman"
"C1764","Keith Wheeler"
"C1765","Shawn Ramos"
"C1766","Clarence Kelley"
"C1767","Donald Andrews"
"C1768","Stephen Greene"
"C1769","Wayne Hunter"
"C1770","Bobby Jackson"
"C1771","Aaron Carr"
"C1772","Albert Kennedy"
"C1773","Sean Woods"
"C1774","Keith Stephens"
"C1775","Kenneth Marshall"
"C1776","Keith Hamilton"
"C1777","Charles Shaw"
"C1778","Terry Mills"
"C1779","Ralph Cooper"
"C1780","Russell Nelson"
"C1781","Carlos Young"
"C1782","Kenneth Simpson"
"C1783","Ralph Wheeler"
"C1784","Ralph Jacobs"
"C1785","Carlos Wheeler"
"C1786","Jerry Smith"
"C1787","Carl Murphy"
"C1788","Shawn Fields"
"C1789","Steven Nichols"
"C1790","Frank Schmidt"
"C1791","Joe Bryant"
"C1792","Wayne Stewart"
"C1793","Carlos Stewart"
"C1794","Billy Gonzales"
"C1795","Michael Reed"
"C1796","Patrick Hall"
"C1797","Billy West"
"C1798","Joe Baker"
"C1799","Eugene Cooper"
"C1800","Frank Hawkins"
