"Salesperson ID","Salesperson Name"
"EMP1000","Fred Robertson"
"EMP1001","Kevin Butler"
"EMP1002","Andrew Bowman"
"EMP1003","Christopher Tucker"
"EMP1004","Kenneth Bradley"
"EMP1005","Ryan Welch"
"EMP1006","Sean Miller"
"EMP1007","Jeremy Mendoza"
"EMP1008","Carl Elliott"
"EMP1009","Kenneth Fields"
"EMP1010","Joshua Cook"
"EMP1011","Larry Marshall"
"EMP1012","John Reyes"
"EMP1013","Charles Harper"
"EMP1014","Ronald Reed"
"EMP1015","Justin Lynch"
"EMP1016","Henry Nelson"
"EMP1017","Brian Hansen"
"EMP1018","Jimmy Young"
"EMP1019","Roger Robertson"
"EMP1020","Ryan Butler"
"EMP1021","Clarence Fox"
"EMP1022","Walter Cook"
"EMP1023","Brian Davis"
"EMP1024","Ernest Wheeler"
"EMP1025","Ernest Wagner"
"EMP1026","Martin Perry"
"EMP1027","Gary Rodriguez"
"EMP1028","Howard Sims"
"EMP1029","Howard Gardner"
"EMP1030","Bobby Russell"
"EMP1031","Brian Thomas"
"EMP1032","Larry Castillo"
"EMP1033","Jerry Perry"
"EMP1034","Arthur Mccoy"
"EMP1035","Roger Ramos"
"EMP1036","Robert Reed"
"EMP1037","Carl Hall"
"EMP1038","Scott Mason"
"EMP1039","Eugene Holmes"
"EMP1040","Patrick Ruiz"
"EMP1041","Joe Sims"
"EMP1042","Scott Clark"
"EMP1043","Joshua Taylor"
"EMP1044","Martin Carr"
